{
  "usd_inr": {
    "mae": 0.21340501792114688,
    "rmse": 0.29657060181986905,
    "mape": 0.23696381228329033,
    "direction_accuracy": 0.5,
    "daily_volatility": 0.0032294409173607604,
    "sharpe": 2.1485549253818323
  },
  "usd_eur": {
    "mae": 0.002565555555555553,
    "rmse": 0.0034503856207530824,
    "mape": 0.2980755040598907,
    "direction_accuracy": 0.5,
    "daily_volatility": 0.004010727956836072,
    "sharpe": -0.3109633818138608
  },
  "usd_gbp": {
    "mae": 0.0024118996415770626,
    "rmse": 0.0031545941919887332,
    "mape": 0.32382290127312213,
    "direction_accuracy": 0.5,
    "daily_volatility": 0.00425195498294897,
    "sharpe": -0.08782383959243838
  },
  "usd_mxn": {
    "mae": 0.07047086330935241,
    "rmse": 0.08920305850968342,
    "mape": 0.38709061736216793,
    "direction_accuracy": 0.5,
    "daily_volatility": 0.0049001382944946015,
    "sharpe": -1.3854333525224747
  },
  "usd_php": {
    "mae": 0.18026258992805752,
    "rmse": 0.23971857750887307,
    "mape": 0.3086370806306799,
    "direction_accuracy": 0.5,
    "daily_volatility": 0.004098067550401902,
    "sharpe": 1.4132689195866028
  }
}